Norma,Average Query Time (AQT)
Euclidean,0.047833305597305295
Manhattan,0.02500806450843811
Infinit,0.02337116301059723
Cosine,0.09555554091930389
